8229,TCP Encapsulation of IKE and IPsec Packets,peer4
8230,Using RSA Algorithm with CBOR Object Signing and Encryption (COSE) Messages,peer4
8231,Path Computation Element Communication Protocol (PCEP) Extensions for Stateful PCE,peer4
8232,Optimizations of Label Switched Path State Synchronization Procedures for State PCE,peer4
8233,Extensions to the Path Computation Element Communication Protocol (PCEP) to Compute Service-Aware Label Switched Paths (LSPs),peer4
8234,Updates to MPLS Transport Profile (MPLS-TP) Linear Protection in Automatic Protection Switching (APS) Mode,peer4
8235,Schnorr Non-interactive Zero-Knowledge Proof,peer4
8236,J-PAKE: Password-Authenticated Key Exchange by Juggling,peer4
8238,Data Center Benchmarking Terminology,peer4
8239,Data Center Benchmarking Methodology,peer4
