8240,Report from the Internet of Things Software Update (IoTSU) Workshop 2016,peer5
8241,Interface to the Routing System (I2RS) Security-Related Requirements,peer5
8242,Interface to the Routing System (I2RS) Ephemeral State Requirements,peer5
8243,Alternatives for Multilevel Transparent Interconnection of Lots of Links (TRILL),peer5
8246,HTTP Immutable Responses,peer5
8247,Algorithm Implementation Requirements and Usage Guidance for the Internet Key Exchange Protocol Version 2 (IKEv2),peer5
8248,Security Automation and Continuous Monitoring (SACM) Requirements,peer5
8249,Transparent Interconnection of Lots of Links (TRILL): MTU Negotiation,peer5
8250,IPv6 Performance and Diagnostic Metrics (PDM) Destination Option,peer5
8252,OAuth 2.0 for Native Apps,peer5
