8205,BGPsec Protocol Specification,peer2
8206,BGPsec Considerations for Autonomous System (AS) Migration,peer2
8207,BGPsec Operational Considerations,peer2
8208,"BGPsec Algorithms, Key Formats, and Signature Formats",peer2
8209,A Profile for BGPsec Router Certificates Certificate Revocation Lists and Certification Requests,peer2
8210,The Resource Public Key Infrastructure (RPKI) to Router Protocol-Version 1,peer2
8211,Adverse Actions by a Certification Authority (CA) or Repository Manager in the Resource Public Key Infrastructure (RPKI),peer2
8212,Default External BGP (EBGP) Route Propagation Behavior without Policies,peer2
8213,Security of Messages Exchanged between Servers and Relay Agents,peer2
8214,Virtual Private Wire Service Support in Ethernet VPN,peer2
