8184,Dual-Homing Protection for MPLS and the MPLS Transport Profile (MPLS-TP) Pseudowires,peer0
8185,Dual-Homing Coordination for MPLS Transport Profile (MPLS-TP) Pseudowires Protection,peer0
8186,Support of the IEEE 1588 Timestamp Format in a Two-Way Active Measurement Protocol (TWAMP),peer0
8187,Indicating Character Encoding and Language for HTTP Header Field Parameters,peer0
8188,Encrypted Content-Encoding for HTTP,peer0
8190,Updates to the Special-Purpose IP Address Registries,peer0
8191,Home Network Prefix Renumbering in Proxy Mobile IPv6 (PMIPv6),peer0
8192,Interface to Network Security Functions (I2NSF): Problem Statement and Use Cases,peer0
8193,Information Model for Large-Scale Measurement Platforms (LMAPs),peer0
8194,A YANG Data Model for LMAP Measurement Agents,peer0
