8215,Local-Use IPv4/IPv6 Translation Prefix,peer3
8216,HTTP Live Streaming,peer3
8217,Clarifications for When to Use the name-addr Production in SIP Messages,peer3
8218,Multipath Extension for the Optimized Link State Routing Protocol Version 2 (OLSRv2),peer3
8219,Benchmarking Methodology for IPv6 Transition Technologies,peer3
8220,Protocol Independent Multicast (PIM) over Virtual Private LAN Service (VPLS),peer3
8222,Selecting Labels for Use with Conventional DNS and Other Resolution Systems in DNS-Based Service Discovery,peer3
8223,Application-Aware Targeted LDP,peer3
8227,MPLS-TP Shared-Ring Protection (MSRP) Mechanism for Ring Topology,peer3
8228,Guidance on Designing Label Generation Rulesets (LGRs) Supporting Variant Labels,peer3
